Domain,Internal/External
166688199.log.optimizely.com,External
4720818.fls.doubleclick.net,External
4844720.fls.doubleclick.net,External
5942243.fls.doubleclick.net,External
68.media.tumblr.com,External
a.mobify.com,External
aa.agkn.com,External
abs.twimg.com,External
accounts.google.com,External
activenetwork.122.2o7.net,External
ad.doubleclick.net,External
admin.brightcove.com,External
ago-item-storage.s3-external-1.amazonaws.com,External
ajax.aspnetcdn.com,External
ajax.googleapis.com,External
ajax.microsoft.com,External
ak1s.abmr.net,External
analytics.convertlanguage.com,External
anchor.local,External
api-public.addthis.com,External
api.flickr.com,External
api.iperceptions.com,External
api.keen.io,External
api.mixpanel.com,External
api.pinterest.com,External
api.usersnap.com,External
apis.google.com,External
apps1.eere.energy.gov,External
asset.pagefair.com,External
asset.pagefair.net,External
assets.adobedtm.com,External
assets.cms.gov,External
assets.healthcare.gov,External
assets.pinterest.com,External
assets01.surveymonkey.com,External
az452423.vo.msecnd.net,External
b.scorecardresearch.com,External
bam.nr-data.net,External
bcp.crwdcntrl.net,External
beacon.tracelytics.com,External
bluewatermedia.112.2o7.net,External
browser-update.org,External
bugsy,External
by2.uservoice.com,External
c.na26.visual.force.com,External
c1.staticflickr.com,External
c2.staticflickr.com,External
c520866.ssl.cf2.rackcdn.com,External
calendar.google.com,External
cdc.112.2o7.net,External
cdn-3.convertexperiments.com,External
cdn-images-1.medium.com,External
cdn-images.mailchimp.com,External
cdn-static-1.medium.com,External
cdn.datatables.net,External
cdn.dcodes.net,External
cdn.heapanalytics.com,External
cdn.jsdelivr.net,External
cdn.lift.acquia.com,External
cdn.loc.gov,External
cdn.luckyorange.com,External
cdn.mathjax.org,External
cdn.mouseflow.com,External
cdn.mxpnl.com,External
cdn.optimizely.com,External
cdn.polyfill.io,External
cdn.rawgit.com,External
cdn.statuspage.io,External
cdn.syndication.twimg.com,External
cdn.tynt.com,External
cdn1.iconfinder.com,External
cdn3.optimizely.com,External
cdnapisec.kaltura.com,External
cdnjs.cloudflare.com,External
cdnmon.cfigroup.com,External
cdnsecakmi.kaltura.com,External
censusbureau.d1.sc.omtrdc.net,External
chaseonline.chase.com,External
chat.ftccomplaintassistant.gov,External
choosemyplate-prod.azureedge.net,External
clerk.house.gov,External
clients1.google.com,External
clients6.google.com,External
cloud.typography.com,External
cm.dsp.linksynergy.com,External
cm.g.doubleclick.net,External
cmon.loc.gov,External
code.jquery.com,External
comment-app.hhs.gov,External
connect.facebook.net,External
content.govdelivery.com,External
contentwrx.s3.amazonaws.com,External
controller.4seeresults.com,External
cpsc-drupal-media-prod.s3.amazonaws.com,External
cpsc-media-dev.s3.amazonaws.com,External
cse.google.com,External
csi.gstatic.com,External
d.agkn.com,External
d10lpsik1i8c69.cloudfront.net,External
d13qcyivyon4xf.cloudfront.net,External
d14rmgtrwzf5a.cloudfront.net,External
d15vqlr7iz6e8x.cloudfront.net,External
d1aug3dv5magti.cloudfront.net,External
d1w86dhf197kq6.cloudfront.net,External
d2gfdmu30u15x7.cloudfront.net,External
d39pc38av48c2g.cloudfront.net,External
d39se0h2uvfakd.cloudfront.net,External
d3js.org,External
d3mvnvhjmkxpjz.cloudfront.net,External
d3nekkt1lmmhms.cloudfront.net,External
d9jmv9u00p0mv.cloudfront.net,External
dap.digitalgov.gov,External
data.coremetrics.com,External
data.nal.usda.gov,External
datawarehouse.hrsa.gov,External
dc.ads.linkedin.com,External
dc8na2hxrj29i.cloudfront.net,External
dev.virtualearth.net,External
dev.visualwebsiteoptimizer.com,External
disqus.com,External
distractionnews.nhtsawebserver.com,External
dnfsbstg.prod.acquia-sites.com,External
dnn506yrbagrg.cloudfront.net,External
dpm.demdex.net,External
ds-aksb-a.akamaihd.net,External
ds.reson8.com,External
dsum-sec.casalemedia.com,External
dx.bigsea.weborama.com,External
e.nexac.com,External
easyrotator.s3.amazonaws.com,External
ecn.dev.virtualearth.net,External
ecopartnerships.lbl.gov,External
edge.quantserve.com,External
edge.sharethis.com,External
edit-chinacommission.house.gov,External
ei.rlcdn.com,External
embedr.flickr.com,External
eroc.ssologin1.fms.treas.gov,External
ethn.io,External
events.foreseeresults.com,External
ews-sdc.federalreserve.org,External
external.fphl1-1.fna.fbcdn.net,External
external.xx.fbcdn.net,External
f.vimeocdn.com,External
f1-eu.readspeaker.com,External
f1-na.readspeaker.com,External
f1.na.readspeaker.com,External
faa.d2.sc.omtrdc.net,External
farm1.static.flickr.com,External
farm1.staticflickr.com,External
farm2.staticflickr.com,External
farm3.static.flickr.com,External
farm4.staticflickr.com,External
farm5.staticflickr.com,External
farm6.static.flickr.com,External
farm6.staticflickr.com,External
farm8.staticflickr.com,External
farm9.static.flickr.com,External
farm9.staticflickr.com,External
fast.fonts.com,External
fast.fonts.net,External
fdic.122.2o7.net,External
fedramp.sites.usa.gov,External
feed.informer.com,External
feed.meltwater.com,External
feeds.feedburner.com,External
files.airnowtech.org,External
fonticons-free-fonticons.netdna-ssl.com,External
fonts.googleapis.com,External
fonts.gstatic.com,External
gateway.answerscloud.com,External
gdata.youtube.com,External
gec.cr.usgs.gov,External
geo.query.yahoo.com,External
geo.yahoo.com,External
googleads.g.doubleclick.net,External
googleads4.g.doubleclick.net,External
govinfo.library.unt.edu,External
graph.facebook.com,External
gsa-cmp-fileupload.s3.amazonaws.com,External
gsaauctions.gov,External
gtrk.s3.amazonaws.com,External
health.foresee.com,External
heapanalytics.com,External
hello.myfonts.net,External
hhsfoodsafety.mpeasylink.com,External
hhsmentalhealth.mpeasylink.com,External
hhsorgandonor.mpeasylink.com,External
hhsstopbullying.mpeasylink.com,External
hhsvaccines.mpeasylink.com,External
homes.sc.egov.usda.gov,External
i.imgur.com,External
i.pinimg.com,External
i.vimeocdn.com,External
i.ytimg.com,External
i2.wp.com,External
i4.ytimg.com,External
i64.tinypic.com,External
ib.adnxs.com,External
id03a4300-ds-aksb-a.akamaihd.net,External
idsync.rlcdn.com,External
idsync.weborama.fr,External
img.youtube.com,External
in.getclicky.com,External
insight.adsrvr.org,External
internal.squarespace.com,External
iperceptions01.azureedge.net,External
ips-invite.iperceptions.com,External
jigsaw.w3.org,External
jpmorganchase.112.2o7.net,External
js-agent.newrelic.com,External
js.api.here.com,External
js.arcgis.com,External
js.hs-analytics.net,External
js.hs-scripts.com,External
js.leadin.com,External
js.pusher.com,External
js.sitecues.com,External
l.sharethis.com,External
lh3.ggpht.com,External
libs.coremetrics.com,External
livehelp.cancer.gov,External
lmvsci-t.cr.usgs.gov,External
log.pinterest.com,External
login.create.net,External
login.salesforce.com,External
lp.longtailvideo.com,External
m.addthis.com,External
m.addthisedge.com,External
manufacturing.sites.usa.gov,External
maps.googleapis.com,External
maps.gstatic.com,External
marketplace.cms.gov,External
match.adsrvr.org,External
maxcdn.bootstrapcdn.com,External
mc.us13.list-manage.com,External
media.defense.gov,External
media.healthday.com,External
medium.com,External
meltwaternews.com,External
metrics.brightcove.com,External
na26.salesforce.com,External
nci.122.2o7.net,External
ncua.mpeasylink.com,External
netdna.bootstrapcdn.com,External
ngtoc.usgs.gov,External
nhtsa.d2.sc.omtrdc.net,External
nih.com,External
nps.maps.arcgis.com,External
nwrcgis.cr.usgs.gov,External
nwrcgis10.cr.usgs.gov,External
o.twimg.com,External
oig.tva.gov,External
ojp.gov,External
orbital-ecri.silverchair.com,External
ovc.ncjrs.gov,External
p.adsymptotic.com,External
p.nexac.com,External
p.typekit.net,External
pbs.twimg.com,External
pf-cdn.printfriendly.com,External
ping.chartbeat.net,External
pippio.com,External
pixel.mathtag.com,External
pixel.quantserve.com,External
pixel.sojern.com,External
pixel.wp.com,External
platform.linkedin.com,External
platform.twitter.com,External
player.vimeo.com,External
players.brightcove.net,External
plus.browsealoud.com,External
portal.hud.gov,External
powertrain.com,External
prd-wret.s3-us-west-2.amazonaws.com,External
pretrialservices.gov,External
privacy-policy.truste.com,External
privacy.sites.usa.gov,External
ps.eyeota.net,External
public.govdelivery.com,External
px.owneriq.net,External
q.addthis.com,External
query.yahooapis.com,External
raw.githubusercontent.com,External
rc.rlcdn.com,External
recreation-acm.activefederal.com,External
replaycontroller.4seeresults.com,External
rum-collector.pingdom.net,External
rum-static.pingdom.net,External
s.thebrighttag.com,External
s.webtrends.com,External
s.youtube.com,External
s.ytimg.com,External
s0.wp.com,External
s3-us-gov-west-1.amazonaws.com,External
s3.amazonaws.com,External
s7.addthis.com,External
s9.addthis.com,External
sadmin.brightcove.com,External
sb.scorecardresearch.com,External
scontent.cdninstagram.com,External
scontent.fphl1-1.fna.fbcdn.net,External
scontent.xx.fbcdn.net,External
script.crazyegg.com,External
script.hotjar.com,External
sdc.fiscal.treasury.gov,External
sdc.usembassy.gov,External
seal.verisign.com,External
seal.websecurity.norton.com,External
search.usa.gov,External
searchstats.usa.gov,External
secure.addthis.com,External
secure.adnxs.com,External
secure.flickr.com,External
secure.gravatar.com,External
secure.quantserve.com,External
secure.surveymonkey.com,External
secure.wideeyeclient.com,External
securepubads.g.doubleclick.net,External
server.arcgisonline.com,External
serverapi.arcgisonline.com,External
services.arcgisonline.com,External
siteimproveanalytics.com,External
siteintercept.qualtrics.com,External
smon.loc.gov,External
smtrics.cdc.gov,External
snap.licdn.com,External
sp.adbrn.com,External
spanish.mexico.usembassy.gov,External
sqps.onstreamsecure.com,External
ss.sharethis.com,External
ssl.google-analytics.com,External
ssl.gstatic.com,External
ssl.luckyorange.com,External
ssl.p.jwpcdn.com,External
stags.bluekai.com,External
static.arcgis.com,External
static.cancer.gov,External
static.chartbeat.com,External
static.ctctcdn.com,External
static.doubleclick.net,External
static.dvidshub.net,External
static.getclicky.com,External
static.hotjar.com,External
static.licdn.com,External
static.squarespace.com,External
static.symplicity.com,External
static.xx.fbcdn.net,External
static1.squarespace.com,External
staticxx.facebook.com,External
stats.defense.gov,External
stats.g.doubleclick.net,External
stats.pagefair.com,External
stats.wp.com,External
statse.webtrendslive.com,External
storage.googleapis.com,External
stpix.media6degrees.com,External
survey.usa.gov,External
surveymonkey.com,External
swcbylb1c30f.statuspage.io,External
sync.sharethis.com,External
syndication.twitter.com,External
t.im,External
t.sharethis.com,External
t0.ssl.ak.dynamic.tiles.virtualearth.net,External
t0.ssl.ak.tiles.virtualearth.net,External
t1.ssl.ak.dynamic.tiles.virtualearth.net,External
t1.ssl.ak.tiles.virtualearth.net,External
t2.ssl.ak.dynamic.tiles.virtualearth.net,External
t2.ssl.ak.tiles.virtualearth.net,External
t3.ssl.ak.dynamic.tiles.virtualearth.net,External
t3.ssl.ak.tiles.virtualearth.net,External
tag.crsspxl.com,External
tags.tiqcdn.com,External
themes.googleusercontent.com,External
tinymce.cachefly.net,External
tmscdn.coremetrics.com,External
ton.twimg.com,External
tools.cdc.gov,External
tpc.googlesyndication.com,External
track.hubspot.com,External
tradegov.files.wordpress.com,External
translate.google.com,External
translate.googleapis.com,External
trc.taboola.com,External
trk.cetrk.com,External
ucm.indianaffairs.gov,External
universal.iperceptions.com,External
upload.wikimedia.org,External
us-east-1-capture.lift.acquia.com,External
us-east-1-widget.lift.acquia.com,External
us-east-1.dc.ads.linkedin.com,External
us1.siteimprove.com,External
us2.siteimprove.com,External
use.edgefonts.net,External
use.fontawesome.com,External
use.fonticons.com,External
use.typekit.com,External
use.typekit.net,External
ussm.sites.usa.gov,External
utility.arcgis.com,External
vars.hotjar.com,External
vimeo.com,External
vjs.zencdn.net,External
w.sharethis.com,External
water.usgs.gov,External
waterwatch.usgs.gov,External
wcdapps.hhs.gov,External
web.ornl.gov,External
webanalytics.ibc.doi.gov,External
webcontent.granicusops.com,External
webtrendscs.hud.gov,External
widget.surveymonkey.com,External
widget.uservoice.com,External
widgets.flickr.com,External
widgets.pinterest.com,External
widgets.twimg.com,External
ws.audioeye.com,External
ws.sharethis.com,External
wsv2.audioeye.com,External
wt.research.gov,External
wtsdc.nlm.nih.gov,External
www.achp.gov,External
www.adobe.com,External
www.adobetag.com,External
www.archives.gov,External
www.banknet.gov,External
www.bizographics.com,External
www.bja.gov,External
www.browsealoud.com,External
www.bugherd.com,External
www.cdc.gov,External
www.chase.com,External
www.cpsc.gov,External
www.defense.gov,External
www.dhs.gov,External
www.dni.gov,External
www.doi.gov,External
www.dol.gov,External
www.dsply.com,External
www.ebenefits.va.gov,External
www.eere.energy.gov,External
www.epa.gov,External
www.esa.doc.gov,External
www.faa.gov,External
www.facebook.com,External
www.fcc.gov,External
www.fdic.gov,External
www.feedrapp.info,External
www.flickr.com,External
www.goes.noaa.gov,External
www.google-analytics.com,External
www.google.com,External
www.googleadservices.com,External
www.googleapis.com,External
www.googletagmanager.com,External
www.googletagservices.com,External
www.gstatic.com,External
www.hhs.gov,External
www.hrsa.gov,External
www.identitytheft.gov,External
www.insurekidsnow.gov,External
www.justice.gov,External
www.linkedin.com,External
www.loc.gov,External
www.meltwaternews.com,External
www.nal.usda.gov,External
www.ncbi.nlm.nih.gov,External
www.ncrc.gov,External
www.nhtsa.gov,External
www.nlm.nih.gov,External
www.nmfs.noaa.gov,External
www.nps.gov,External
www.nrd.gov,External
www.ojp.usdoj.gov,External
www.olcf.ornl.gov,External
www.opm.gov,External
www.organdonor.gov,External
www.osha.gov,External
www.pages04.net,External
www.pnnl.gov,External
www.preserveamerica.gov,External
www.reddit.com,External
www.rnengage.com,External
www.samhsa.gov,External
www.sc.pages04.net,External
www.socialsecurity.gov,External
www.ssa.gov,External
www.statisticsframework.com,External
www.surveymonkey.com,External
www.usgs.gov,External
www.usich.gov,External
www.usmint.gov,External
www.visitthecapitol.gov,External
www.w3.org,External
www.wtp101.com,External
www.youthrules.dol.gov,External
www.youtube-nocookie.com,External
www.youtube.com,External
www1.eere.energy.gov,External
www2.ed.gov,External
www2.usgs.gov,External
www3.epa.gov,External
x.bidswitch.net,External
yt3.ggpht.com,External
zn_ahe7ogbrpdtefrh-healthcare.siteintercept.qualtrics.com,External
zn5jrgx7vw6xadien-cfigroup.siteintercept.qualtrics.com,External
zn9tslis2mj3kopgp-cfigroup.siteintercept.qualtrics.com,External
znbqj3egyjwfzib9r-communicatehealth.siteintercept.qualtrics.com,External
analytics.gpo.gov,Internal
analytics.llnl.gov,Internal
analytics.ornl.gov,Internal
analytics.osac.gov,Internal
api.vets.gov,Internal
apps.usaspending.gov,Internal
assets.cms.gov,Internal
assets.healthcare.gov,Internal
assets.mcc.gov,Internal
beta.foreignassistance.gov,Internal
beta.samhsa.gov,Internal
blog.aids.gov,Internal
blogs.state.gov,Internal
cdn.loc.gov,Internal
ceciva.uscis.gov,Internal
chat.ftccomplaintassistant.gov,Internal
components.uspto.gov,Internal
dap.digitalgov.gov,Internal
drupal.lcacommons.gov,Internal
files.fasab.gov,Internal
forecast.weather.gov,Internal
home.grantsolutions.gov,Internal
itsupport.usgs.gov,Internal
login.max.gov,Internal
media.defense.gov,Internal
media.science360.gov,Internal
metrics.pbgc.gov,Internal
mise.mda.gov,Internal
origin.www.fhfaoig.gov,Internal
origin.www.uscc.gov,Internal
orise.orau.gov,Internal
passwordreset.siteidiq.gov,Internal
postalinspectors.uspis.gov,Internal
sdc1.senate.gov,Internal
search.adr.gov,Internal
search.commerce.gov,Internal
search.dhs.gov,Internal
search.nij.gov,Internal
search.noaa.gov,Internal
search.pbgc.gov,Internal
search.usa.gov,Internal
search.uspto.gov,Internal
secure.rrb.gov,Internal
share-ng.sandia.gov,Internal
share.america.gov,Internal
share.sandia.gov,Internal
signin.usastaffing.gov,Internal
smon.congress.gov,Internal
smon.loc.gov,Internal
smtrics.cdc.gov,Internal
standards.usa.gov,Internal
static.cancer.gov,Internal
static.nicic.gov,Internal
static.studentloans.gov,Internal
stats.defense.gov,Internal
stats.energycodes.gov,Internal
survey.usa.gov,Internal
ucm.indianaffairs.gov,Internal
wt.research.gov,Internal
www.wrcc.osmre.gov,Internal
www2.ed.gov,Internal
www2.usgs.gov,Internal
www2c.cdc.gov,Internal
wwwdev.lbl.gov,Internal